{"cameraMode":{"drawMode":0,"name":"Shaded","section":"Shading Mode"},"sceneLighting":true,"audioPlay":false,"sceneViewState":{"showFog":true,"showMaterialUpdate":false,"showSkybox":true,"showFlares":true,"showImageEffects":true,"showParticleSystems":true},"in2DMode":false,"pivot":{"x":8.60806655883789,"y":3.0840487480163576,"z":4.836699962615967},"rotation":{"x":0.13249242305755616,"y":0.019605854526162149,"z":-0.0029696067795157434,"w":0.9911280274391174},"size":10.740260124206543,"orthographic":false}